Snapshot, Tunnel cluster, Tunnel, Throughput, Cost, Bottleneck radius, Average R error bound, Max. R error bound, Bottleneck R error bound, Curvature, Length, , Axis, Values...
protein.pdb0, 1, 1, 0.881923473510555, 0.12564999146688435, 2.06766572545287, -, -, -, 1.0436728016331334, 3.9533178372941307, , X, 163.98255561998104, 164.3662447774517, 164.76347802529708, 165.21682680561827, 165.66972489030246, 166.05080927420013, 166.4031889922213, 166.8202980926171, 167.25521239200552
protein.pdb0, 1, 1, 0.881923473510555, 0.12564999146688435, 2.06766572545287, -, -, -, 1.0436728016331334, 3.9533178372941307, , Y, 123.36214972666114, 123.51269792458524, 123.66943793647506, 123.85183171528949, 123.930483043092, 123.74385697545513, 124.01105302144795, 124.06989886687909, 124.16557422846948
protein.pdb0, 1, 1, 0.881923473510555, 0.12564999146688435, 2.06766572545287, -, -, -, 1.0436728016331334, 3.9533178372941307, , Z, 93.89931869071849, 93.61626768729109, 93.3676673956303, 93.26180242110576, 93.10472627654939, 92.84728687148908, 92.65093656562463, 92.38157219373689, 92.169481162709
protein.pdb0, 1, 1, 0.881923473510555, 0.12564999146688435, 2.06766572545287, -, -, -, 1.0436728016331334, 3.9533178372941307, , distance, 0.0, 0.49999999999999367, 0.9934379429960197, 1.472970062052271, 1.9495948322503536, 2.3516259376532758, 2.7998213048411156, 3.295033477156451, 3.787890065840559
protein.pdb0, 1, 1, 0.881923473510555, 0.12564999146688435, 2.06766572545287, -, -, -, 1.0436728016331334, 3.9533178372941307, , length, 0.0, 0.5, 1.0, 1.5, 2.0, 2.5, 3.0, 3.5, 4.0
protein.pdb0, 1, 1, 0.881923473510555, 0.12564999146688435, 2.06766572545287, -, -, -, 1.0436728016331334, 3.9533178372941307, , R, 2.1308169716348613, 2.094436167838256, 2.104065967887769, 2.0877527348014286, 2.097821657927203, 2.068022950751551, 2.092415522217743, 2.172839329769195, 2.2671939777884034
protein.pdb0, 1, 1, 0.881923473510555, 0.12564999146688435, 2.06766572545287, -, -, -, 1.0436728016331334, 3.9533178372941307, , Upper limit of R overestimation, -, -, -, -, -, -, -, -, -
