Snapshot, Tunnel cluster, Tunnel, Throughput, Cost, Bottleneck radius, Bottleneck R error bound, Length, Curvature
protein.pdb0, 1, 1, 0.82372762681765, 0.19391535369493157, 2.347917518947862, -, 31.769230683047564, 1.0009936405407704
