Tunnel cluster ID, Priority, Average throughput, Standard deviation
1, 0.9265979608237226, 0.9265979608237226, 0.0, 
2, 0.8638724821659389, 0.8638724821659389, 0.0, 
